Артель,Товар,Град,Купец
Ёлки-палки,палочки,Тумантархан,Синдбад
Змей Горыныч: Гриль и мясо,дичь,Лукоморск,Садко
Бабки Ёжки,порошки,Пушград,Синдбад
Олливандер,палочки,Тамань,Садко
Зельевар,элексиры,Котовск,Синдбад
Каша из топора,веган,Пушград,Дуремар
Сливочное пиво,киселя,Челябинск-40,Мамонтов
Три метлы,веган,Кэр-Параваль,Мамонтов
Шоколадная лягушка,сласти,Челябинск-40,Дуремар
Зелья Асгарда,порошки,Челябинск-40,Садко
Яства Лукоморья,сласти,Красноярск-26,Дуремар
Колобки,веган,Пушград,Мамонтов
Хоббитонские угощения,сласти,Пушград,Синдбад
Жало,амуниция,Тамань,Садко
Дырявый котёл,киселя,Лукоморск,Дуремар
Кабанья голова,дичь,Тумантархан,Дуремар
Снадобья Василисы Премудрой,травы,Котовск,Дуремар
Кольцо нибелунга,кольца,Томск-7,Дуремар
Ведьминские лакомства,сласти,Красноярск-26,Мамонтов
Палантиры,амуниция,Кэр-Параваль,Садко
Нарсил,амуниция,Дубовск,Мамонтов
Конёк-Горбунок,киселя,Дубовск,Дуремар
Лембас,веган,Анвард,Синдбад
Орочье питьё,элексиры,Котовск,Садко
Снегурочка Страхование,всяко,Кэр-Параваль,Садко
Мирувор,амуниция,Дубовск,Мамонтов
Эльфийские эликсиры,элексиры,Пушград,Синдбад
За Тридевять Земель Экспорт,всяко,Пушград,Садко
Туды-сюды,всяко,Лукоморск,Дуремар
Сладкое королевство,сласти,Анвард,Дуремар
Три медведя Холдинг,всяко,Тамань,Синдбад
Василиса Премудрая Консалтинг,всяко,Красноярск-26,Садко
Лотлориэн,всяко,Лукоморск,Садко
Репка МММ Финанс,всяко,Котовск,Синдбад
Колдовские артефакты,кольца,Котовск,Синдбад
Аэглос,амуниция,Котовск,Дуремар
Ангуирел,амуниция,Кэр-Параваль,Дуремар
Поцелуй дементора,порошки,Тамань,Дуремар
Чародейка,травы,Красноярск-26,Синдбад
Кольца Силы,кольца,Красноярск-26,Синдбад
Емелина печь,дичь,Дубовск,Садко
Сильмариллион,всяко,Котовск,Дуремар
Иван Царевич Фудс,дичь,Котовск,Синдбад
Эльфийское изобилие,киселя,Котовск,Синдбад
Зачарованный стол,веган,Лукоморск,Дуремар
Репкины кушанья,веган,Лукоморск,Мамонтов
Властелин пиршеств,сласти,Лукоморск,Мамонтов
Гуси-Лебеди Дичь на вертелах,дичь,Пушград,Синдбад
Жар-птица,дичь,Пушград,Мамонтов
Кольцо вкуса,веган,Анвард,Мамонтов
Хогвартский рацион,дичь,Анвард,Садко
Кот Баюн,киселя,Анвард,Дуремар
Гномьи харчи,дичь,Кэр-Параваль,Садко
Волшебный перекус,сласти,Кэр-Параваль,Мамонтов
Лешьи провиант,веган,Томск-7,Синдбад
Варево следопыта,дичь,Челябинск-40,Синдбад
Павлинье перо,дичь,Красноярск-26,Синдбад
КикиМорины разносолы,веган,Томск-7,Синдбад
Морозко джелато,сласти,Пушград,Дуремар
Волшебные Кольца Средиземья,кольца,Дубовск,Мамонтов
Алхимик,порошки,Дубовск,Мамонтов
Волшебные костыли,палочки,Дубовск,Мамонтов
Элессар,амуниция,Котовск,Мамонтов
Рингиль,амуниция,Котовск,Мамонтов
Зелья Средиземья,травы,Котовск,Мамонтов
Тайные зелья,порошки,Пушград,Мамонтов
Тайны древних славян,травы,Пушград,Дуремар
Ангрист,амуниция,Котовск,Мамонтов
Колдовские орудия,палочки,Котовск,Дуремар
Камень Эреха,кольца,Котовск,Мамонтов
Волшебные эликсиры,элексиры,Котовск,Мамонтов
Волшебные инструменты,палочки,Лукоморск,Мамонтов
Эликсиры волшебства,элексиры,Лукоморск,Дуремар
Чародейские аксессуары,палочки,Лукоморск,Дуремар
Зелья и эликсиры,элексиры,Лукоморск,Садко
Гномьи зелья,порошки,Лукоморск,Дуремар
Кольцо Власти,кольца,Лукоморск,Мамонтов
Магические эликсиры,элексиры,Пушград,Дуремар
Орки-лекари,травы,Пушград,Мамонтов
Кольца Людей,кольца,Анвард,Садко
Галеон,порошки,Анвард,Мамонтов
Эльфийские Кольца,кольца,Анвард,Дуремар
Заклинатель,палочки,Анвард,Садко
Изенгард,всяко,Кэр-Параваль,Дуремар
Магические посохи,палочки,Кэр-Параваль,Мамонтов
Колдовские склянки,элексиры,Кэр-Параваль,Дуремар
Баба Яга,порошки,Кэр-Параваль,Мамонтов
Олимпийские кольца,кольца,Кэр-Параваль,Мамонтов
Волшебные жезлы,палочки,Тумантархан,Синдбад
Гномьи Кольца,кольца,Тумантархан,Дуремар
Оркрист,амуниция,Тумантархан,Синдбад
Волхование,порошки,Челябинск-40,Мамонтов
Волшебные травы,травы,Челябинск-40,Дуремар
Кольца Толкина,кольца,Челябинск-40,Синдбад
Зелья Хогвартса,порошки,Томск-7,Садко
Гондор,всяко,Дубовск,Мамонтов
Рохан,всяко,Кэр-Параваль,Садко
Чародейские инновации,всяко,Котовск,Дуремар
Мордор,всяко,Анвард,Садко
Хоббит,всяко,Дубовск,Садко
Волшебные перспективы,всяко,Дубовск,Мамонтов
Покорители волшебства,всяко,Котовск,Мамонтов
Магические горизонты,всяко,Лукоморск,Синдбад
Теремок с котлована,всяко,Анвард,Мамонтов
Светлый путь,всяко,Кэр-Параваль,Мамонтов
Орден феникса,всяко,Тумантархан,Мамонтов
